<?xml version="1.0" encoding="utf-8" ?>
<dwsync>
<file name="magic_space.css" server="107.170.186.55//var/www/unicach/" local="131147528010000000" remote="131147528010000000" Dst="2" />
<file name="print.css" server="107.170.186.55//var/www/unicach/" local="131147528010000000" remote="131147528010000000" Dst="2" />
<file name="responsive.css" server="107.170.186.55//var/www/unicach/" local="131147528010000000" remote="131147528010000000" Dst="2" />
<file name="custom-icon-set.css" server="107.170.186.55//var/www/unicach/" local="131147528000000000" remote="131147528000000000" Dst="2" />
<file name="bootstrap-table-responsive.css" server="107.170.186.55//var/www/unicach/" local="131147528000000000" remote="131147528000000000" Dst="2" />
<file name="large_screen_tweak.css" server="107.170.186.55//var/www/unicach/" local="131147528010000000" remote="131147528010000000" Dst="2" />
<file name="custom-icons.css" server="107.170.186.55//var/www/unicach/" local="131147528000000000" remote="131147528000000000" Dst="2" />
<file name="style.css" server="107.170.186.55//var/www/unicach/" local="131147528020000000" remote="131147528020000000" Dst="2" />
<file name="animate.min.css" server="107.170.186.55//var/www/unicach/" local="131147528000000000" remote="131147528000000000" Dst="2" />
</dwsync>